item_id,item_list
1,588;174;845;71;928;294;95;523;969;210
2,385;405;566;926;274;411;233;254;546;576
3,282;33;559;67;655;421;161;952;196;735
4,85;302;50;215;12;654;357;144;47;180
5,300;63;218;431;678;186;79;581;281;418
6,242;221;276;100;79;216;1008;923;20;286
7,425;228;9;179;175;11;475;55;17;24
8,418;231;651;132;140;481;191;252;408;509
9,127;340;214;180;14;276;7;124;197;45
10,179;792;558;475;582;137;307;190;14;192
11,288;218;219;448;271;518;7;272;56;431
12,64;302;223;156;238;710;317;732;4;42
13,508;56;100;127;521;276;655;324;479;345
14,286;9;170;137;242;451;463;58;238;13
15,739;25;318;924;934;820;125;313;735;1074
16,455;195;100;235;268;277;221;546;694;276
17,92;7;240;11;56;559;132;475;33;53
18,13;182;96;58;367;221;238;475;603;150
19,269;221;582;306;124;268;286;100;20;197
20,480;286;283;473;212;1011;124;135;132;116
21,395;25;578;181;254;95;259;1079;407;173
22,174;88;28;739;402;69;232;684;313;181
23,185;180;127;474;187;654;427;238;651;47
24,455;201;298;240;7;173;250;128;109;413
25,735;15;508;274;91;708;321;357;40;184
26,1048;42;186;435;651;284;591;90;288;357
27,117;233;568;742;121;465;550;194;281;243
28,22;66;193;520;265;64;161;210;739;174
29,38;218;294;405;559;254;768;231;328;728
30,1021;529;180;179;489;134;603;183;1194;430
31,684;147;265;385;125;54;79;239;117;328
32,182;134;654;240;177;469;203;129;179;180
33,3;175;472;286;820;831;161;17;1118;282
34,69;155;742;245;88;125;17;118;159;97
35,78;140;501;679;234;8;99;4;112;225
36,53;22;724;521;433;210;387;209;72;99
37,201;184;217;24;561;665;179;940;382;83
38,66;29;204;546;63;568;405;121;692;1041
39,92;56;31;358;546;709;462;654;561;1047
40,25;134;382;928;235;455;699;476;102;38
41,161;763;67;721;1188;780;768;29;237;628
42,268;55;246;12;178;410;273;101;168;436
43,546;86;133;1228;1042;1035;542;450;1090;159
44,216;100;428;591;283;568;65;222;22;197
45,9;513;381;709;921;100;182;654;48;269
46,86;212;708;48;518;715;1070;182;480;32
47,185;192;792;56;223;23;396;443;559;238
48,268;169;504;56;134;100;9;124;164;462
49,511;31;199;747;722;125;54;686;663;720
50,172;181;174;210;194;302;173;423;195;4
51,148;549;281;690;578;642;627;277;117;435
52,86;509;727;663;855;526;129;382;11;190
53,135;433;92;179;288;432;276;1267;156;631
54,328;31;282;117;271;121;281;97;82;280
55,168;42;410;7;196;199;307;238;198;171
56,475;508;182;238;156;122;92;180;693;47
57,647;382;170;98;154;324;509;60;65;194
58,100;657;157;234;92;509;14;428;123;70
59,60;61;168;179;198;177;469;9;154;151
60,59;61;168;190;276;475;514;654;198;134
61,59;60;475;211;955;462;516;45;178;186
62,121;148;118;328;399;748;333;204;38;358
63,38;402;393;5;755;928;143;121;66;145
64,651;186;318;12;69;22;655;98;28;496
65,508;549;87;747;162;116;100;44;553;716
66,38;739;451;732;393;1041;155;568;210;794
67,79;780;288;219;636;384;575;95;218;94
68,217;358;184;268;895;156;431;333;293;257
69,215;77;496;22;97;64;161;684;79;404
70,489;660;22;219;269;515;724;658;286;176
71,95;588;393;1;692;946;418;755;77;485
72,294;231;96;403;402;173;88;742;678;22
73,94;202;210;685;271;392;728;736;204;1041
74,143;200;185;219;447;71;231;29;21;179
75,168;151;68;163;51;214;54;25;379;90
76,79;403;356;204;56;172;233;11;197;550
77,385;79;69;204;161;174;739;265;96;22
78,140;143;71;418;623;393;465;25;419;35
79,82;222;144;77;204;732;568;684;356;265
80,384;455;4;184;395;364;401;756;161;780
81,154;132;151;175;425;135;654;64;250;419
82,79;174;204;118;96;121;568;210;692;22
83,173;190;258;746;699;657;385;213;496;942
84,38;423;50;172;404;66;181;90;384;720
85,4;403;431;186;732;248;50;153;239;433
86,52;133;382;387;631;715;507;285;207;170
87,190;64;684;65;129;468;125;28;327;487
88,451;22;196;174;845;732;393;66;216;284
89,183;203;114;169;168;176;721;7;408;421
90,154;172;181;455;173;235;249;792;392;294
91,665;386;191;25;201;47;100;473;302;235
92,56;156;518;179;39;182;475;17;135;53
93,185;56;154;55;160;47;428;657;122;234
94,73;204;174;568;82;202;38;143;423;186
95,71;393;418;204;946;143;588;88;121;64
96,195;385;204;174;82;144;568;77;172;210
97,69;215;732;423;527;651;98;241;77;729
98,79;427;64;732;97;165;496;493;615;144
99,501;418;404;432;132;427;673;234;378;452
100,715;124;792;223;508;209;58;13;135;44
101,431;42;217;182;751;569;1039;743;22;155
102,142;95;393;1028;225;662;477;40;385;946
103,286;112;1033;215;70;69;845;318;71;56
104,103;71;743;367;112;120;70;142;117;225
105,926;748;121;566;229;23;307;385;932;294
106,323;678;234;252;25;665;118;928;121;846
107,161;455;178;268;87;471;239;164;2;326
108,655;820;153;13;455;603;81;479;831;79
109,228;181;50;235;153;436;169;230;24;208
110,63;449;265;755;229;237;140;465;665;167
111,928;202;823;435;196;208;476;729;794;255
112,1033;21;243;200;1028;103;678;29;140;679
113,224;13;165;14;9;52;275;129;919;116
114,169;408;89;189;357;56;181;300;128;657
115,1;202;288;109;50;91;7;235;47;48
116,124;65;275;403;244;137;428;845;694;509
117,546;300;125;385;298;1016;281;161;684;282
118,121;282;323;161;82;300;252;678;546;472
119,9;176;222;89;100;45;208;14;198;175
120,255;118;282;121;358;771;472;762;748;930
121,118;265;161;210;204;472;282;62;328;692
122,56;475;23;240;150;179;443;47;411;276
123,172;204;232;234;58;96;181;210;558;95
124,116;238;100;137;223;428;9;251;509;709
125,282;117;121;280;31;692;550;729;328;239
126,258;118;300;15;269;740;272;472;676;724
127,187;182;180;135;23;185;9;192;511;191
128,240;455;184;24;173;114;98;169;17;269
129,715;367;176;87;58;32;100;288;52;190
130,9;116;47;188;845;56;288;86;221;403
131,582;487;213;197;211;193;275;490;180;507
132,423;498;99;133;501;473;318;633;356;496
133,132;318;86;482;423;510;205;498;496;508
134,654;135;483;32;479;180;488;127;509;285
135,474;179;127;134;443;180;100;195;53;663
136,496;178;501;659;510;478;506;194;507;418
137,124;14;224;238;276;919;483;100;13;709
138,294;29;67;41;71;155;763;1;393;597
139,204;568;202;94;318;195;404;53;946;473
140,465;378;418;8;225;78;393;143;946;234
141,205;132;526;431;423;135;191;174;8;418
142,419;102;143;153;588;470;416;167;662;8
143,419;485;451;588;95;739;417;402;174;88
144,550;226;174;79;96;176;265;215;568;228
145,82;63;38;195;159;271;472;51;717;29
146,116;273;286;713;20;181;825;124;12;95
147,31;300;1016;746;79;226;405;260;235;98
148,121;117;62;472;222;255;22;210;161;720
149,182;92;514;212;367;179;715;475;20;303
150,234;183;171;762;475;55;122;12;13;443
151,473;969;168;412;198;238;340;81;1065;652
152,208;502;514;517;153;655;747;186;196;482
153,152;164;154;399;109;173;142;290;186;478
154,168;81;209;214;153;90;792;715;425;93
155,402;739;66;385;161;417;95;476;143;255
156,56;92;12;475;135;203;182;180;179;177
157,180;58;163;265;186;655;188;176;127;156
158,209;82;628;386;143;410;69;366;94;849
159,233;94;29;69;77;98;568;226;566;237
160,180;182;93;250;235;582;179;234;183;192
161,739;121;597;118;77;117;402;155;241;216
162,527;402;427;180;65;582;216;155;528;143
163,157;199;168;67;174;239;2;610;629;566
164,121;402;204;568;153;210;421;82;156;313
165,166;98;207;191;515;170;498;357;202;496
166,165;168;199;170;181;202;511;150;604;513
167,142;216;155;237;63;449;739;302;482;502
168,154;173;55;209;59;151;510;436;273;89
169,408;189;114;228;455;89;48;235;109;473
170,216;14;462;269;660;213;654;705;86;509
171,175;919;168;55;150;428;183;169;652;475
172,50;181;174;173;228;96;204;429;123;195
173,168;184;710;83;50;186;174;735;172;431
174,50;172;210;181;204;22;195;96;144;82
175,238;408;250;171;433;475;7;474;47;168
176,183;144;82;219;172;157;195;174;89;403
177,182;183;180;124;199;640;127;187;156;144
178,603;479;23;480;705;136;42;615;427;425
179,474;135;508;180;188;340;648;642;7;185
180,127;182;23;179;187;9;56;521;135;157
181,50;172;174;210;204;239;66;22;186;257
182,693;127;187;177;180;504;56;32;240;285
183,176;195;234;89;177;510;200;508;1012;150
184,201;173;68;7;25;128;246;186;80;384
185,23;47;127;616;192;603;447;443;480;179
186,64;239;214;204;173;181;431;218;735;157
187,127;182;654;192;180;23;200;504;56;523
188,179;182;157;474;762;272;127;710;154;180
189,169;408;114;455;117;89;919;512;515;255
190,203;1039;191;83;87;275;176;283;60;318
191,195;190;127;418;318;655;423;427;501;419
192,185;187;47;127;23;100;200;447;180;693
193,427;28;127;64;180;205;22;467;265;404
194,435;50;496;501;199;174;732;42;705;511
195,96;174;183;204;385;191;202;144;825;135
196,88;216;173;1267;746;55;111;739;660;747
197,480;23;488;482;506;9;603;319;124;99
198,144;151;471;55;250;480;529;59;515;269
199,484;526;510;513;194;492;50;511;177;483
200,504;187;183;127;192;56;357;447;1065;494
201,184;24;91;1;200;182;508;187;217;381
202,732;73;227;228;66;550;195;403;705;174
203,190;286;89;180;205;156;642;56;268;514
204,174;568;210;96;215;739;121;181;195;82
205,203;193;515;141;133;693;659;286;318;520
206,198;68;168;87;45;484;636;31;273;923
207,652;86;165;196;202;746;945;650;48;1
208,152;433;423;386;502;517;378;482;111;197
209,214;654;238;100;154;516;447;168;23;182
210,174;204;181;121;50;66;294;82;710;73
211,506;432;482;428;526;508;699;523;403;633
212,514;715;276;529;23;708;13;213;855;20
213,275;514;923;1039;131;170;509;83;212;143
214,9;209;186;154;357;420;223;188;317;56
215,69;204;496;174;144;97;692;404;402;651
216,196;88;170;393;739;44;161;269;942;173
217,68;559;274;715;101;379;241;569;277;772
218,673;11;559;318;29;79;219;186;288;5
219,232;288;11;218;176;67;79;403;658;356
220,476;274;280;1028;402;125;756;257;282;716
221,124;19;1010;238;116;269;512;632;469;48
222,230;228;380;79;227;300;121;229;328;405
223,100;124;963;47;12;433;235;518;258;154
224,137;14;248;475;293;462;273;276;52;919
225,322;294;140;161;417;133;866;282;71;559
226,550;144;233;385;117;79;77;121;195;568
227,229;228;230;222;449;202;662;566;778;233
228,230;222;229;227;7;169;144;202;172;109
229,230;449;227;228;380;222;450;121;77;252
230,229;228;222;227;204;755;380;79;237;449
231,403;29;72;8;575;356;98;252;433;56
232,219;22;1188;79;403;210;575;204;288;356
233,226;566;550;684;1228;2;265;159;195;802
234,673;204;501;174;378;183;288;99;452;420
235,47;109;268;223;169;455;91;90;473;160
236,151;208;81;175;59;340;152;226;357;813
237,255;215;204;22;230;294;265;751;820;284
238,433;124;56;175;792;23;209;475;12;317
239,186;181;204;77;125;31;684;22;746;550
240,250;410;182;455;473;456;128;56;24;763
241,161;97;155;627;216;272;569;313;255;144
242,14;269;306;251;286;311;713;344;529;216
243,323;678;322;328;597;748;300;118;148;259
244,116;298;126;7;281;135;185;919;294;197
245,879;322;300;312;566;689;597;307;222;292
246,268;42;815;134;250;100;184;425;433;172
247,225;252;162;35;78;140;99;1014;24;424
248,433;679;89;327;190;845;85;4;462;289
249,763;411;50;286;591;90;42;240;184;64
250,240;175;24;42;748;198;386;246;541;160
251,124;242;12;248;116;127;176;7;191;302
252,118;739;210;229;148;215;385;254;121;841
253,301;116;248;218;93;475;20;294;751;322
254,29;405;252;2;63;930;399;926;720;21
255,237;281;739;148;155;367;66;161;121;120
256,257;367;285;116;221;900;56;93;1143;741
257,751;204;181;866;265;290;413;472;316;237
258,729;239;64;126;83;735;655;476;326;13
259,294;243;683;261;688;235;143;678;290;250
260,271;288;219;200;147;343;346;567;323;249
261,259;688;457;878;988;299;243;683;304;681
262,319;305;98;231;483;134;250;137;1016;268
263,874;988;299;881;245;680;261;118;266;1265
264,328;404;291;31;265;234;292;4;313;233
265,121;566;79;144;77;31;300;22;470;28
266,680;879;1025;890;510;687;125;8;261;245
267,181;204;121;186;174;50;249;17;172;1016
268,246;42;48;172;56;235;203;68;187;425
269,515;475;216;242;170;657;19;70;340;302
270,121;257;742;204;174;282;690;250;751;68
271,288;343;260;307;11;73;54;346;1028;200
272,310;332;313;316;11;315;895;302;651;241
273,168;210;42;180;544;176;117;157;333;239
274,88;291;2;66;25;685;485;217;815;696
275,283;213;740;304;190;9;478;694;238;610
276,285;9;475;508;56;293;13;137;100;127
277,51;217;123;181;47;559;508;549;275;129
278,7;143;845;472;245;815;597;88;410;926
279,292;50;204;127;732;302;297;28;692;566
280,125;402;54;781;121;237;66;31;148;220
281,117;255;118;328;69;393;232;54;88;763
282,125;118;121;742;366;117;328;628;161;54
283,275;792;44;190;631;956;1039;20;699;82
284,88;22;237;468;941;203;591;215;544;470
285,276;182;127;654;134;512;663;305;86;432
286,14;203;318;690;311;750;660;197;707;582
287,321;25;301;218;176;11;126;248;93;650
288,895;682;11;271;333;234;219;673;218;403
289,750;554;319;875;740;72;248;846;879;318
290,257;153;826;22;72;109;259;209;80;235
291,322;274;300;597;678;282;566;930;550;328
292,245;880;279;685;264;181;322;319;872;170
293,276;346;234;182;68;56;92;160;924;210
294,210;259;748;29;1016;309;739;1;204;161
295,269;281;1016;298;216;546;246;576;147;739
296,127;297;298;288;294;1380;458;291;289;250
297,303;423;531;1226;223;50;318;405;427;7
298,117;24;411;458;692;216;271;200;410;300
299,876;881;742;688;261;887;235;246;268;292
300,322;117;222;597;118;121;328;313;405;265
301,471;476;746;312;25;659;327;367;328;307
302,12;50;4;404;23;403;272;269;685;91
303,297;124;887;45;896;531;61;89;528;427
304,500;275;300;880;64;873;208;223;699;288
305,340;865;285;344;262;896;345;272;240;276
306,19;582;340;242;213;83;269;191;286;86
307,271;245;475;55;89;268;334;340;752;346
308,989;898;242;292;1394;681;262;326;880;298
309,294;496;69;210;333;322;326;298;186;748
310,272;121;684;313;328;333;125;300;748;265
311,286;124;242;116;344;882;690;221;709;86
312,245;301;328;300;307;289;879;25;690;272
313,300;22;423;210;272;174;310;82;144;215
314,294;901;894;890;300;343;1;274;690;147
315,316;272;750;566;732;1041;14;88;328;345
316,315;272;257;72;566;651;328;42;333;742
317,655;238;12;64;427;443;9;735;467;14
318,357;496;286;64;527;79;218;133;423;15
319,514;197;435;262;13;289;23;14;9;152
320,179;183;168;558;508;151;195;185;47;547
321,25;287;157;636;875;185;188;48;179;192
322,291;300;678;243;245;323;984;328;472;597
323,678;118;243;326;322;300;879;121;597;988
324,13;475;137;235;831;271;1010;325;1008;98
325,332;240;154;458;323;324;100;708;271;1009
326,323;692;294;258;313;22;28;117;678;239
327,230;333;248;301;56;87;358;343;273;271
328,742;748;121;300;54;222;678;322;125;282
329,348;260;301;269;881;240;938;11;79;96
330,1;127;292;151;235;111;307;98;132;322
331,678;243;318;313;58;340;200;294;984;582
332,682;272;322;333;690;678;245;325;628;243
333,288;895;742;118;121;682;332;282;546;62
334,307;340;268;271;53;93;343;301;250;418
335,330;292;259;879;257;872;876;750;235;288
336,323;245;222;748;597;358;825;322;742;66
337,11;23;306;603;242;180;919;221;882;196
338,294;288;82;895;210;252;431;845;448;1014
339,877;331;345;310;304;750;881;742;125;892
340,346;9;508;475;179;305;357;151;56;269
341,332;289;300;245;554;682;431;269;273;379
342,294;257;815;328;161;127;230;2;227;354
343,271;403;665;260;307;235;508;82;358;24
344,305;242;346;311;289;286;340;271;898;882
345,13;750;347;305;319;315;483;509;170;9
346,340;56;293;475;271;127;307;750;260;344
347,276;28;47;208;38;187;9;197;193;127
348,329;269;879;299;11;260;349;96;307;79
349,568;879;873;898;350;351;271;539;538;98
350,7;554;260;270;303;68;312;333;879;250
351,879;349;286;350;431;890;908;348;877;344
352,269;342;79;890;948;234;7;349;687;412
353,751;262;315;316;12;864;243;266;4;245
354,68;282;11;403;173;96;286;7;184;56
355,316;121;290;310;195;137;742;299;252;358
356,79;393;77;215;686;210;132;232;219;403
357,318;527;427;56;523;475;673;340;443;410
358,68;62;39;546;1047;307;121;271;117;550
359,749;262;242;303;360;1024;306;882;1296;245
360,359;1022;749;262;292;303;750;882;323;990
361,324;300;690;271;343;286;242;904;351;308
362,303;322;550;161;742;347;739;186;678;323
363,597;926;748;323;540;24;455;258;841;398
364,80;395;384;67;168;386;154;407;425;235
365,229;121;366;755;231;746;282;1221;578;393
366,282;121;393;568;99;658;402;941;229;392
367,588;715;255;129;233;471;301;770;58;265
368,294;763;412;38;597;720;395;931;928;120
369,411;300;871;240;597;763;405;456;122;427
370,25;866;559;225;1028;1047;91;934;118;106
371,708;699;402;381;155;468;202;25;569;65
372,175;154;628;709;151;380;265;657;474;211
373,1016;121;388;627;94;769;550;399;257;809
374,71;95;588;222;393;501;70;294;1;496
375,94;1090;132;473;554;1215;43;679;70;582
376,38;732;204;393;63;692;94;427;143;66
377,405;367;378;623;471;110;1029;996;241;294
378,496;234;418;99;140;208;404;506;501;402
379,217;151;367;17;225;1028;800;515;200;559
380,222;229;755;230;568;228;720;449;210;550
381,124;45;709;65;223;371;582;558;47;52
382,86;436;708;921;269;7;629;52;709;25
383,82;395;233;401;227;29;597;384;407;109
384,386;80;67;174;184;82;186;451;790;781
385,96;77;566;117;739;562;195;546;226;550
386,384;185;91;208;29;250;756;575;407;401
387,631;86;286;606;699;134;707;694;582;52
388,395;29;38;99;132;94;82;373;202;571
389,216;416;56;378;140;8;238;225;71;451
390,56;100;228;174;181;401;169;432;211;204
391,118;585;769;597;993;679;712;21;1407;584
392,393;73;232;732;402;66;218;1028;366;378
393,95;66;88;71;356;1028;739;216;742;568
394,210;419;55;155;386;226;143;2;225;451
395,728;388;21;80;419;364;173;259;402;366
396,47;401;715;433;91;154;134;428;179;475
397,38;94;210;63;395;586;779;366;388;452
398,746;300;363;63;373;188;432;840;636;540
399,118;720;153;62;274;117;121;450;549;568
400,96;188;226;623;365;211;133;102;449;415
401,412;396;7;386;455;80;542;238;384;240
402,155;739;22;161;568;423;77;280;164;215
403,231;451;79;1188;202;76;232;288;575;219
404,501;99;423;418;427;420;215;234;473;69
405,748;300;2;411;79;222;597;627;82;739
406,431;11;288;554;413;825;22;258;12;696
407,386;1052;21;395;384;364;80;1;826;25
408,169;114;189;455;175;654;89;474;151;228
409,282;1028;222;756;322;393;720;29;323;472
410,763;240;475;357;55;780;42;185;92;456
411,405;2;249;369;298;418;928;458;288;134
412,401;151;240;456;871;182;455;410;249;465
413,257;508;300;240;567;24;218;559;895;260
414,180;514;100;182;530;134;4;654;509;33
415,82;143;941;230;216;392;735;419;578;139
416,423;496;9;404;142;378;501;97;200;506
417,88;143;155;204;568;216;419;405;378;622
418,99;501;588;404;95;378;419;946;659;191
419,143;142;485;418;423;191;501;609;99;420
420,404;234;99;443;969;418;452;427;432;419
421,425;164;89;96;216;746;3;512;735;402
422,419;715;465;190;679;526;91;100;133;396
423,132;404;655;427;402;482;527;97;318;416
424,1028;9;457;7;559;760;231;222;15;413
425,7;421;475;100;81;154;654;178;268;246
426,1;240;550;226;455;379;790;541;928;719
427,480;357;404;99;423;651;193;23;501;736
428,124;479;211;662;44;475;715;171;708;58
429,732;655;172;496;22;427;393;692;66;195
430,663;294;168;483;523;514;60;477;169;160
431,173;22;186;5;11;101;85;68;141;195
432,99;501;211;427;23;222;420;53;185;151
433,238;175;559;53;208;173;223;248;679;23
434,510;679;135;195;89;42;123;172;50;156
435,194;648;234;319;111;504;709;197;510;176
436,471;168;382;42;211;109;257;92;91;670
437,439;438;440;442;816;441;145;567;241;370
438,440;439;437;441;816;370;406;442;241;774
439,437;438;440;442;816;441;145;567;241;370
440,441;230;672;567;603;438;216;674;628;91
441,216;672;448;241;431;161;5;234;25;217
442,441;438;440;439;437;241;200;667;377;816
443,185;135;47;357;420;616;792;444;479;100
444,185;443;195;234;527;223;357;81;100;12
445,195;185;443;79;444;202;568;192;135;429
446,672;563;551;25;650;567;217;176;413;294
447,185;209;135;192;200;218;527;448;234;504
448,11;447;219;441;288;431;629;218;192;191
449,229;227;450;380;230;121;77;570;167;135
450,229;449;380;399;185;227;568;665;202;159
451,88;66;403;143;79;739;582;14;1041;692
452,234;99;94;420;38;655;692;427;597;732
453,452;79;451;568;402;597;66;94;132;38
454,64;226;300;559;161;215;77;210;71;628
455,24;240;408;169;128;181;173;90;820;80
456,240;412;410;780;763;122;369;94;717;748
457,261;259;688;243;873;988;424;294;322;1
458,298;411;708;508;756;325;23;125;735;235
459,257;306;472;378;317;286;476;717;847;125
460,9;831;405;1048;298;741;290;864;226;276
461,56;479;192;137;660;302;546;218;66;792
462,170;124;483;705;847;39;486;248;48;70
463,473;14;657;55;647;194;428;511;156;170
464,709;61;367;7;558;471;154;387;111;81
465,140;71;194;95;418;286;154;86;1028;153
466,770;715;203;179;44;665;516;53;371;129
467,64;193;186;655;22;527;684;427;317;762
468,402;284;97;229;419;87;222;423;371;226
469,134;32;640;92;59;177;200;708;715;479
470,265;328;233;471;182;156;142;284;1014;168
471,436;117;301;198;300;269;405;470;693;367
472,121;118;322;161;148;204;866;823;257;826
473,151;240;404;132;91;463;99;501;234;235
474,179;135;480;23;641;175;647;56;182;188
475,56;340;238;276;357;269;175;156;179;410
476,220;288;155;301;258;161;300;742;291;111
477,655;929;13;9;249;430;272;403;15;248
478,172;275;136;509;168;153;134;507;132;83
479,603;480;482;178;134;428;484;708;607;13
480,427;474;479;197;603;185;178;484;487;20
481,197;482;8;654;494;180;488;507;134;9
482,479;423;197;211;56;208;133;501;404;494
483,484;498;134;513;531;604;137;199;462;657
484,483;199;525;519;479;513;657;530;480;684
485,143;419;705;274;71;418;742;88;132;507
486,462;494;705;274;778;143;648;133;402;155
487,64;480;131;216;14;489;483;427;87;588
488,197;654;134;23;185;603;178;180;474;382
489,70;603;505;487;479;529;275;607;88;1
490,173;135;603;607;515;131;479;81;511;216
491,199;655;705;183;178;484;208;699;194;313
492,506;199;135;378;496;474;64;100;481;469
493,98;132;648;530;443;509;136;474;510;483
494,482;56;200;89;486;47;481;509;190;613
495,22;511;660;69;174;194;526;162;66;98
496,136;318;378;69;215;194;423;633;64;418
497,202;520;227;519;474;528;657;605;239;435
498,132;483;423;211;519;99;482;484;133;506
499,507;657;709;124;23;404;632;463;185;132
500,304;66;8;1;729;230;239;176;781;228
501,404;99;418;234;432;132;427;969;194;191
502,152;208;144;237;517;651;504;568;167;510
503,12;7;127;521;13;195;203;89;9;523
504,182;654;200;127;187;23;435;48;56;447
505,607;523;489;603;615;70;480;707;513;179
506,211;492;197;651;199;378;654;614;136;655
507,499;134;56;86;92;197;132;136;478;9
508,56;179;13;340;100;127;276;183;1012;25
509,124;134;530;58;52;478;213;170;89;483
510,199;183;661;168;511;136;211;133;435;520
511,127;661;135;199;180;510;663;100;530;651
512,285;179;13;652;421;856;212;582;523;529
513,483;199;657;484;45;474;170;519;641;654
514,517;212;414;23;319;213;152;134;197;203
515,529;269;318;205;70;198;98;357;55;549
516,209;211;118;654;708;177;707;506;265;511
517,514;152;208;23;197;506;502;747;651;654
518,92;11;56;182;168;223;581;642;197;693
519,484;530;199;498;183;604;479;525;513;178
520,28;526;174;318;566;510;265;530;199;183
521,180;13;735;127;23;195;531;276;433;963
522,211;197;435;175;428;509;137;131;171;529
523,357;211;1;187;652;194;132;505;100;291
524,656;855;285;491;430;9;32;663;746;87
525,484;657;479;199;519;177;654;661;432;183
526,199;211;520;265;183;496;443;174;141;511
527,357;318;423;655;97;162;28;132;427;23
528,162;183;513;506;566;133;435;199;497;87
529,515;652;212;198;14;13;523;747;65;514
530,519;509;484;199;511;414;193;493;520;435
531,483;385;521;151;98;655;602;636;191;297
532,50;191;515;70;845;129;22;1;294;273
533,100;8;1;116;527;900;192;170;461;23
534,333;1142;124;129;170;12;9;847;845;132
535,300;7;628;28;301;781;471;476;295;597
536,242;387;276;702;211;708;466;712;1255;510
537,268;631;194;475;134;509;42;246;182;1011
538,300;117;367;9;259;418;286;328;25;249
539,1;210;300;71;294;174;328;252;260;143
540,38;363;1210;779;809;62;159;1228;281;1042
541,250;184;294;173;148;55;405;210;382;672
542,401;15;133;596;29;71;769;245;77;80
543,693;83;276;190;699;715;168;245;503;631
544,273;64;181;172;284;269;22;88;250;258
545,273;62;391;769;54;554;161;22;216;578
546,117;385;38;118;597;1016;31;125;96;333
547,475;919;93;288;91;24;79;235;20;242
548,200;443;416;265;183;88;588;655;501;391
549,65;570;51;515;97;100;510;4;399;498
550,226;144;568;385;125;202;121;233;117;732
551,672;563;578;441;117;230;774;184;558;431
552,222;100;237;715;566;768;271;358;2;96
553,742;65;210;15;554;790;326;143;300;821
554,742;289;472;210;294;97;284;553;22;94
555,68;44;121;568;200;265;391;561;569;77
556,435;449;823;715;849;179;260;708;135;474
557,97;216;42;702;101;387;509;959;421;211
558,179;642;9;7;86;123;10;191;381;275
559,218;47;433;29;288;217;3;186;527;596
560,82;588;365;1219;105;699;1178;1139;769;465
561,559;39;774;217;727;382;755;125;1028;1090
562,385;159;2;286;405;546;97;763;313;582
563,184;551;222;578;294;145;742;230;672;774
564,125;286;27;301;735;443;1047;318;289;625
565,447;200;173;82;635;29;564;218;928;403
566,684;385;265;233;79;2;77;245;291;239
567,413;219;260;448;230;405;825;417;201;79
568,204;739;742;82;79;66;96;550;402;144
569,566;241;155;288;230;217;216;227;371;101
570,549;97;449;510;443;234;226;435;177;89
571,73;94;423;732;82;67;38;132;575;29
572,73;172;423;1074;50;38;181;54;29;217
573,403;185;444;211;655;427;670;506;5;79
574,1090;89;121;326;111;391;382;248;1014;800
575,79;423;403;232;67;692;82;356;231;172
576,380;455;226;2;77;720;451;172;94;739
577,38;143;386;94;29;384;191;82;208;50
578,597;51;802;117;1016;550;21;1220;294;810
579,121;77;402;161;216;566;164;237;2;742
580,182;693;199;470;188;48;2;168;51;529
581,288;11;518;5;81;218;72;92;527;56
582,131;451;162;286;19;160;306;132;381;10
583,89;175;672;581;702;642;31;421;1073;11
584,275;168;64;9;566;55;285;509;1039;150
585,95;96;229;391;72;941;154;395;722;80
586,781;38;427;231;90;384;85;29;218;195
587,144;157;188;156;153;655;265;196;216;616
588,71;1;418;596;143;367;95;423;969;402
589,179;89;134;185;203;168;286;127;154;47
590,145;413;121;403;774;195;669;62;758;567
591,282;739;44;735;249;815;284;628;471;1074
592,546;708;89;77;92;385;39;416;379;265
593,1011;14;190;89;10;1;175;39;530;92
594,12;275;64;547;403;428;1070;268;79;515
595,323;597;255;327;744;413;73;846;1047;126
596,588;559;420;246;403;133;147;934;405;542
597,1047;161;300;926;678;930;546;1028;405;748
598,273;232;382;90;403;286;386;269;318;238
599,242;302;377;51;346;474;265;465;451;86
600,550;389;64;173;431;379;151;636;385;665
601,135;528;69;566;520;28;494;530;223;614
602,606;488;531;498;178;136;493;419;194;611
603,479;178;480;185;657;197;427;488;514;489
604,483;23;615;654;519;482;170;514;509;1203
605,172;497;661;181;418;501;705;432;633;285
606,23;482;275;387;611;427;602;213;483;631
607,479;443;505;185;490;178;197;611;489;480
608,489;603;527;286;479;178;135;474;520;443
609,419;86;501;209;185;597;153;393;499;482
610,275;25;163;83;485;162;131;507;208;168
611,606;607;654;480;657;519;656;836;602;70
612,663;9;588;175;180;1050;654;418;742;647
613,183;523;494;657;132;510;294;529;498;519
614,127;506;216;50;193;657;58;174;435;199
615,178;604;98;661;483;135;650;505;603;484
616,185;443;514;100;526;603;675;98;209;447
617,200;168;443;136;190;47;646;496;478;436
618,663;203;427;855;584;480;405;357;313;1050
619,125;328;222;186;746;25;628;411;823;742
620,559;326;729;826;77;474;282;69;628;215
621,188;504;96;385;511;566;435;203;679;121
622,241;417;196;133;566;385;421;216;528;162
623,82;699;78;29;117;685;121;71;211;102
624,132;135;202;99;420;94;501;404;432;62
625,117;946;143;418;419;392;11;288;405;591
626,367;675;520;663;511;504;428;194;660;510
627,405;71;241;176;588;155;117;22;946;97
628,282;64;696;333;158;591;827;410;291;332
629,382;143;91;448;451;25;431;432;288;163
630,117;83;174;230;204;568;173;82;385;480
631,387;86;644;134;737;191;475;283;91;509
632,435;357;132;48;221;499;156;86;521;162
633,496;132;211;99;501;420;429;133;111;432
634,663;9;511;235;127;661;8;501;30;234
635,448;637;219;441;185;200;238;672;301;405
636,67;229;447;89;380;182;228;546;825;433
637,635;671;219;507;448;53;447;763;665;127
638,462;507;196;194;178;48;86;921;529;483
639,179;526;97;657;708;399;92;60;59;276
640,177;183;469;200;175;250;156;180;518;23
641,474;513;175;89;199;182;504;526;168;134
642,179;654;203;558;475;518;182;51;702;212
643,638;666;179;382;558;639;511;584;1529;199
644,191;631;180;427;131;509;135;285;179;661
645,428;52;48;709;657;175;367;190;526;55
646,177;182;180;654;187;175;433;665;671;504
647,474;663;483;168;463;137;648;285;7;59
648,435;179;493;647;162;520;199;498;485;530
649,182;530;435;199;654;528;89;179;414;92
650,615;654;603;642;449;269;185;451;209;616
651,64;427;732;23;735;215;79;181;318;88
652,529;207;151;523;1073;175;512;919;196;171
653,474;603;654;647;182;89;32;185;525;175
654,134;187;504;23;209;285;488;642;182;663
655,423;64;527;429;317;729;13;191;735;157
656,100;483;654;855;212;519;607;514;479;511
657,58;603;513;269;525;484;709;199;483;463
658,219;692;1074;673;735;232;70;739;366;655
659,418;47;357;136;301;496;238;205;94;447
660,77;70;402;170;286;66;747;22;69;196
661,511;180;510;135;183;615;47;168;525;127
662,227;428;739;22;284;142;161;472;65;516
663,180;135;654;285;511;501;647;9;134;52
664,175;428;523;509;238;514;197;478;213;151
665,91;343;568;53;1074;106;241;671;433;229
666,190;203;44;65;663;1266;639;643;530;509
667,436;53;164;379;660;385;101;431;403;211
668,561;179;382;767;859;440;565;216;141;242
669,590;674;145;816;288;563;774;672;424;554
670,436;323;211;7;506;573;715;164;578;92
671,185;127;631;180;665;200;447;675;191;508
672,441;91;551;816;219;184;583;665;928;1035
673,234;218;99;288;357;79;23;658;118;447
674,161;470;229;118;672;230;720;855;441;1018
675,428;135;616;200;89;32;671;469;679;13
676,197;125;1047;15;126;215;327;48;239;241
677,242;302;377;51;346;474;265;465;451;86
678,323;243;118;322;597;328;926;331;988;291
679,433;228;248;809;222;434;227;223;175;473
680,266;879;988;890;748;510;245;261;751;125
681,245;881;688;878;989;299;261;181;988;892
682,288;895;332;333;300;678;873;79;313;143
683,259;688;261;988;436;687;742;471;271;299
684,566;31;79;117;22;732;239;69;233;265
685,38;73;274;323;204;568;302;88;28;826
686,356;654;215;402;31;49;77;747;627;761
687,748;926;245;243;597;143;678;682;271;259
688,259;261;683;457;294;299;895;878;343;880
689,300;328;245;879;750;748;322;1;343;118
690,286;750;332;318;328;51;270;70;751;294
691,347;751;900;262;121;678;268;264;343;566
692,732;121;66;88;204;82;77;215;125;385
693,182;56;238;185;144;192;433;203;762;471
694,275;707;124;190;116;89;213;111;778;387
695,282;175;273;7;42;319;216;636;657;721
696,274;628;717;118;411;472;756;280;510;685
697,25;959;55;274;13;485;200;179;212;435
698,182;32;558;640;283;203;959;707;183;89
699,211;371;588;9;83;476;258;65;255;716
700,712;159;709;134;200;44;479;578;118;367
701,50;195;511;199;178;194;183;496;428;474
702,175;97;182;642;475;248;156;163;51;168
703,285;56;582;432;69;161;425;531;121;275
704,100;97;636;845;425;82;527;180;474;715
705,485;178;202;215;134;462;204;170;194;95
706,760;834;816;418;218;179;379;672;551;774
707,286;694;86;170;505;740;855;213;516;301
708,715;479;371;25;382;212;474;428;447;514
709,124;657;435;381;137;499;45;39;134;382
710,173;210;12;732;195;597;4;174;188;825
711,242;302;377;51;346;474;265;465;451;86
712,161;566;58;550;502;391;455;708;546;258
713,318;242;480;14;23;750;530;462;596;273
714,275;584;387;83;285;86;286;136;182;509
715,100;708;212;129;367;135;396;508;13;86
716,65;699;282;220;49;231;748;1221;125;278
717,930;696;742;38;148;1047;222;5;431;245
718,100;268;919;13;127;655;10;191;9;183
719,455;790;40;715;473;109;25;151;240;80
720,121;399;1028;148;380;125;38;597;402;755
721,161;89;42;55;566;168;763;184;282;369
722,216;196;70;49;380;585;402;211;194;747
723,223;660;476;15;196;286;1221;98;248;83
724,70;275;211;170;496;772;88;276;196;652
725,86;597;364;248;391;783;62;465;40;125
726,117;44;258;746;89;566;132;176;300;405
727,402;52;191;168;274;561;65;70;275;304
728,210;73;38;29;94;395;218;575;66;69
729,125;258;568;655;144;282;38;97;94;215
730,382;168;640;52;203;228;211;83;190;100
731,655;732;73;97;210;692;64;66;568;294
732,692;79;88;66;651;202;429;97;684;204
733,428;58;511;182;663;48;684;566;479;196
734,63;38;597;300;728;401;571;118;395;140
735,25;173;651;186;655;64;521;258;82;939
736,427;28;73;239;23;50;735;651;99;559
737,631;182;510;111;1039;203;97;528;959;527
738,159;566;542;202;101;230;94;88;227;289
739,161;155;402;66;204;568;385;22;77;88
740,275;289;86;707;126;20;283;301;306;558
741,475;109;185;147;91;150;200;559;47;746
742,328;282;568;121;333;393;300;553;739;118
743,101;196;122;68;472;9;231;930;7;1215
744,291;70;1016;304;286;866;22;685;156;274
745,229;657;30;675;528;1021;45;183;513;512
746,239;196;328;147;301;550;83;619;421;566
747,65;660;196;428;152;517;13;529;49;241
748,328;405;751;121;118;294;597;930;195;243
749,332;678;245;235;313;326;100;304;243;93
750,690;286;127;689;289;315;276;345;22;346
751,257;748;182;237;181;678;168;187;127;50
752,307;300;271;343;288;117;895;332;455;272
753,59;60;529;462;61;12;65;463;52;663
754,258;748;300;328;12;9;332;125;111;264
755,380;230;71;38;228;393;229;63;720;729
756,1028;66;393;742;386;300;117;409;476;926
757,168;89;68;2;385;578;709;526;176;194
758,413;318;145;257;717;410;122;143;977;284
759,779;1228;540;391;398;373;722;734;597;771
760,472;413;5;284;1047;121;930;755;561;245
761,685;87;38;665;815;2;49;686;239;217
762,188;550;150;693;161;1010;241;22;1048;64
763,410;780;249;790;64;41;240;288;281;282
764,276;781;866;762;258;1009;304;402;66;125
765,25;217;90;71;423;1035;496;627;273;576
766,50;285;181;13;124;14;302;279;995;127
767,216;82;1009;760;198;218;50;242;582;91
768,29;161;118;121;386;38;720;23;132;94
769,121;161;391;739;542;27;588;783;367;373
770,466;660;367;511;4;525;223;100;59;276
771,62;168;231;399;120;1110;470;58;743;762
772,179;715;508;93;724;217;70;24;582;188
773,558;200;179;379;7;184;201;217;772;203
774,294;561;385;1028;470;39;825;763;128;1047
775,476;433;226;739;716;584;161;723;304;477
776,83;294;746;421;873;176;2;485;275;258
777,672;441;774;436;561;438;563;665;558;421
778,227;694;228;98;486;483;86;530;707;747
779,62;550;540;1407;111;226;366;148;363;747
780,763;67;410;294;132;456;209;219;475;790
781,1041;66;22;12;174;79;195;939;418;280
782,371;529;638;212;222;387;52;275;228;649
783,121;88;393;402;720;29;66;597;739;196
784,561;788;772;774;773;807;668;446;217;859
785,222;402;720;274;660;132;227;124;151;174
786,1;183;216;657;778;176;665;227;562;269
787,72;433;12;173;386;4;70;127;193;281
788,561;672;816;563;217;567;558;773;807;784
789,100;56;175;265;92;549;98;715;150;663
790,763;410;384;274;67;780;181;553;80;1035
791,449;95;585;33;396;237;685;55;597;229
792,100;47;238;99;427;132;154;443;283;23
793,182;462;483;367;48;175;13;177;789;509
794,66;732;202;215;378;692;356;181;111;174
795,88;768;451;401;94;174;418;105;417;78
796,82;781;173;655;392;274;117;402;783;692
797,472;820;826;566;809;230;732;118;1228;679
798,471;431;1248;284;168;470;576;636;1139;715
799,160;13;194;69;483;15;212;208;96;705
800,559;928;379;85;658;672;210;541;382;692
801,63;578;722;1217;380;755;1047;38;685;779
802,233;230;226;578;597;77;849;1047;82;229
803,231;546;591;48;43;289;387;739;118;449
804,405;201;578;24;128;546;73;410;17;7
805,100;8;154;792;89;174;66;202;81;56
806,89;9;48;509;514;746;511;154;133;708
807,561;301;83;554;269;591;724;126;158;399
808,385;546;2;125;576;763;226;54;282;117
809,679;62;739;227;748;210;291;94;118;1228
810,720;62;472;570;121;578;148;554;72;28
811,514;675;285;430;478;154;428;805;212;175
812,584;588;367;286;465;65;83;623;699;162
813,475;11;25;86;70;301;508;425;471;340
814,242;302;377;51;346;474;265;465;451;86
815,246;121;678;118;274;591;328;385;148;278
816,672;665;379;413;367;265;260;426;282;763
817,379;218;301;288;774;53;665;5;564;289
818,117;32;498;455;129;285;29;657;325;216
819,1;294;25;596;934;597;476;1047;1051;216
820,15;237;455;1047;926;161;33;720;831;121
821,121;204;95;553;568;15;739;815;210;96
822,230;275;568;157;511;671;289;195;153;241
823,111;472;291;685;928;619;248;435;156;570
824,237;53;302;425;80;455;233;265;479;708
825,195;323;431;385;291;710;252;636;746;328
826,748;472;290;685;930;29;194;148;118;245
827,323;628;678;405;318;234;281;591;64;452
828,471;79;143;269;70;225;112;82;878;357
829,281;125;840;245;117;546;597;300;566;248
830,242;302;377;51;346;474;265;465;451;86
831,479;324;33;820;226;238;475;864;401;108
832,243;932;258;864;566;9;423;15;826;1049
833,597;147;405;105;824;401;926;687;363;1013
834,288;82;25;405;219;176;559;546;96;67
835,275;474;603;1050;483;1203;638;238;430;443
836,611;488;631;132;607;418;610;650;486;605
837,172;181;98;50;174;402;435;659;202;550
838,117;82;79;526;508;195;218;451;219;417
839,559;143;418;82;828;760;878;225;210;405
840,117;12;148;1016;286;125;68;748;333;588
841,252;431;282;218;118;210;410;1034;930;443
842,234;418;378;143;94;99;238;288;427;729
843,404;95;154;423;139;237;204;94;501;215
844,471;293;436;919;448;53;1011;480;129;192
845,88;22;1;403;202;739;222;66;274;248
846,289;280;106;294;742;476;15;220;8;25
847,462;286;919;124;408;483;654;169;202;170
848,427;655;525;504;517;193;56;285;23;429
849,216;1228;328;218;410;197;7;802;628;763
850,223;1;478;433;268;97;168;14;524;213
851,182;514;175;675;652;806;654;430;656;48
852,242;302;377;51;346;474;265;465;451;86
853,176;854;201;200;53;298;672;179;475;198
854,198;853;273;98;201;475;53;558;515;324
855,654;52;212;566;179;707;656;58;516;528
856,100;285;13;512;156;171;529;461;134;137
857,242;302;377;51;346;474;265;465;451;86
858,668;561;439;437;438;816;440;877;669;774
859,672;379;746;184;515;441;53;567;11;561
860,379;217;218;7;800;145;5;551;816;184
861,657;367;385;526;175;211;576;89;518;188
862,265;728;780;465;768;687;391;163;215;474
863,170;483;191;178;166;607;69;705;196;28
864,1028;230;117;245;298;831;227;433;281;125
865,305;285;792;182;187;347;514;137;32;237
866,125;257;294;28;161;472;748;94;204;121
867,124;302;462;127;316;285;72;427;504;430
868,100;180;234;615;656;32;511;181;124;427
869,237;38;742;12;554;282;77;87;66;393
870,288;1;111;9;319;235;272;411;129;321
871,240;412;369;282;1028;245;300;384;257;742
872,880;319;876;881;292;340;276;887;268;279
873,682;332;304;288;255;748;328;881;845;382
874,285;268;245;137;305;276;303;299;475;263
875,289;321;475;298;151;7;173;238;591;98
876,881;877;299;260;948;222;872;1047;301;619
877,876;322;898;682;339;304;332;15;245;323
878,989;261;688;687;681;321;988;318;82;312
879,245;300;323;22;748;689;28;322;678;96
880,872;292;304;268;174;887;100;321;237;688
881,876;301;299;872;873;328;742;195;1265;329
882,311;306;242;995;286;262;344;902;245;989
883,242;269;887;299;286;312;262;1038;245;268
884,269;883;878;340;683;262;303;242;1038;268
885,349;358;898;261;354;878;683;689;1038;299
886,347;258;678;315;87;124;333;50;509;328
887,100;124;202;268;303;285;302;116;286;221
888,689;307;312;301;300;269;905;690;873;339
889,242;300;344;303;289;175;20;340;258;676
890,17;680;358;550;327;751;678;218;288;380
891,294;321;301;343;242;340;300;682;86;269
892,294;1;322;259;304;300;301;118;472;243
893,328;678;892;301;597;222;681;245;409;270
894,890;300;288;1;338;682;259;908;678;294
895,288;333;682;272;68;403;411;301;143;1047
896,305;303;134;514;531;433;430;9;124;285
897,312;269;875;878;261;683;688;321;294;902
898,748;877;628;9;312;301;323;311;990;304
899,333;306;238;288;476;902;7;403;312;895
900,100;751;347;427;116;285;678;124;509;303
901,243;892;898;687;25;380;53;894;450;288
902,331;751;475;306;531;191;257;690;882;527
903,327;270;59;137;882;347;269;336;185;385
904,242;86;300;382;294;286;311;1194;528;558
905,326;310;313;272;322;245;269;742;301;752
906,289;887;433;286;306;1062;896;582;271;640
907,895;515;17;752;547;904;905;289;813;11
908,288;879;538;350;352;349;894;260;351;885
909,750;315;900;286;690;1024;316;1062;1434;1176
910,340;321;1022;303;331;354;872;270;903;345
911,301;271;879;553;354;403;11;572;559;312
912,300;879;318;313;405;448;515;185;875;451
913,320;294;844;914;910;321;191;547;889;448
914,313;340;895;307;682;288;272;7;333;531
915,172;427;121;64;127;204;226;135;732;270
916,294;118;64;23;333;12;423;161;250;748
917,313;302;100;685;310;472;237;655;4;506
918,117;174;272;127;333;690;66;125;51;1
919,238;137;171;4;124;428;652;47;55;847
920,240;124;175;525;211;1017;151;514;820;530
921,382;45;1;381;367;241;923;269;61;638
922,150;919;709;285;257;480;323;664;529;93
923,213;209;1;170;162;286;65;1039;921;137
924,15;288;588;97;218;333;148;293;11;443
925,628;286;591;411;195;216;1028;926;619;939
926,597;121;2;678;1047;38;105;1028;1016;1
927,741;269;20;292;919;1011;124;181;1068;24
928,121;111;1;96;411;323;63;118;82;1028
929,477;304;258;194;476;142;116;123;826;1
930,121;597;748;118;291;717;926;984;720;245
931,1;367;105;926;1060;409;465;871;254;241
932,29;294;243;826;105;748;926;728;405;367
933,127;1;333;508;628;298;179;325;1009;129
934,15;118;405;476;596;1047;819;94;692;225
935,302;1014;50;285;515;324;14;25;347;297
936,269;181;50;111;275;28;319;216;702;676
937,259;237;332;257;294;15;276;111;315;289
938,331;258;326;329;678;305;328;881;259;687
939,735;781;38;73;356;218;559;94;79;22
940,1228;188;550;597;202;53;226;257;636;24
941,284;366;402;142;393;1028;585;720;229;399
942,216;83;276;506;447;124;463;211;89;385
943,89;222;3;125;62;1267;92;566;282;583
944,38;125;720;392;66;82;121;820;29;403
945,478;163;654;207;202;196;479;258;480;732
946,95;418;71;161;625;99;627;378;117;501
947,518;269;27;92;399;55;196;160;154;591
948,876;411;294;288;281;881;873;243;456;39
949,427;651;232;11;318;357;234;781;99;692
950,302;185;480;174;19;50;471;744;732;127
951,117;71;241;393;196;465;225;265;685;391
952,13;168;3;24;137;89;357;14;181;410
953,111;197;735;451;443;97;655;208;433;651
954,197;8;132;732;23;209;202;480;238;72
955,61;125;136;178;276;87;746;265;510;515
956,283;792;175;13;203;47;478;137;631;238
957,972;627;747;970;708;649;964;241;959;702
958,269;59;45;921;170;753;529;652;60;516
959,340;182;162;526;276;506;582;697;48;42
960,59;60;89;61;558;479;959;652;518;228
961,98;135;197;603;428;185;655;463;238;654
962,26;276;517;100;47;482;504;382;134;469
963,223;97;521;50;211;180;174;64;127;100
964,462;134;479;89;654;25;708;464;199;30
965,654;187;1203;4;657;485;238;144;177;132
966,66;196;181;31;97;161;402;178;88;588
967,197;194;153;196;232;167;209;238;211;428
968,511;191;663;430;479;7;428;480;519;178
969,501;151;732;420;1;588;99;132;143;88
970,462;483;83;170;515;52;513;194;509;730
971,511;14;652;86;414;98;171;530;529;19
972,708;213;241;428;507;25;15;506;191;511
973,125;215;196;216;393;517;197;154;97;25
974,975;118;25;405;597;274;125;1047;934;476
975,118;974;762;288;98;185;321;218;443;135
976,118;323;566;760;841;235;930;5;21;245
977,328;826;472;696;111;68;125;94;717;928
978,284;1048;252;823;179;148;544;333;120;744
979,930;257;281;69;111;845;1;406;202;258
980,14;11;317;12;223;150;469;65;173;70
981,748;328;145;118;456;204;628;161;1228;1034
982,748;930;984;841;173;363;245;259;235;926
983,696;934;845;409;9;370;756;111;105;275
984,322;243;323;930;678;245;748;1025;328;332
985,118;696;1067;1011;3;930;137;410;1028;14
986,597;930;148;188;678;423;717;684;566;118
987,687;264;294;989;244;331;975;974;981;332
988,678;323;322;243;121;1;82;300;405;222
989,878;681;687;289;308;887;322;748;258;117
990,323;322;678;898;879;329;312;243;245;988
991,340;324;259;13;688;261;235;325;269;243
992,948;1012;269;259;342;257;876;249;295;321
993,597;169;71;111;391;49;273;408;928;121
994,515;295;628;268;246;696;1014;281;591;547
995,268;882;287;303;292;191;340;242;116;302
996,110;410;660;1469;662;87;755;377;367;275
997,56;70;100;475;223;122;693;357;414;663
998,2;926;108;746;636;25;175;465;401;265
999,161;227;290;80;62;83;756;385;230;401
1000,233;83;571;412;1181;864;940;725;449;1047
1001,240;412;780;475;7;1059;168;195;825;384
1002,105;411;210;229;294;405;826;456;217;121
1003,222;878;367;88;655;105;196;40;2;434
1004,62;51;196;188;177;810;133;449;53;546
1005,59;60;512;276;179;137;702;175;151;212
1006,91;517;176;230;469;13;42;546;436;289
1007,209;150;100;174;8;13;181;93;657;151
1008,1010;20;324;919;185;283;289;952;285;14
1009,1010;325;289;25;1048;919;89;640;53;479
1010,762;221;324;1008;1009;1016;455;410;268;223
1011,276;285;20;13;268;246;185;531;549;427
1012,508;183;100;127;96;210;56;13;423;157
1013,235;289;678;105;264;276;833;307;413;24
1014,470;249;631;203;79;451;1012;483;147;544
1015,204;202;11;56;284;15;87;318;215;403
1016,117;294;546;147;161;742;172;926;31;69
1017,179;13;508;156;56;42;319;23;396;271
1018,58;48;196;294;640;182;50;176;674;134
1019,183;89;168;24;151;298;293;222;117;12
1020,191;178;427;606;480;607;154;511;52;708
1021,175;199;30;525;211;430;32;479;607;179
1022,168;705;24;153;340;345;303;331;1012;188
1023,628;1047;118;291;748;323;1258;245;678;820
1024,359;286;242;319;305;909;345;882;900;678
1025,984;323;322;222;331;266;181;678;243;881
1026,878;358;995;880;883;882;1392;989;1393;299
1027,578;92;265;566;385;89;233;27;399;175
1028,756;393;117;597;864;720;409;1047;926;392
1029,122;121;91;597;90;65;367;226;432;211
1030,7;720;227;233;384;83;121;679;790;756
1031,161;216;97;225;1035;88;588;399;118;402
1032,62;367;720;385;742;233;294;161;1028;566
1033,465;112;692;132;678;21;140;225;409;103
1034,257;685;841;323;413;7;245;472;566;391
1035,720;402;756;472;685;405;140;66;724;399
1036,451;401;63;399;553;153;143;785;77;720
1037,451;99;234;568;393;452;219;94;82;423
1038,269;292;299;322;304;883;330;885;312;245
1039,190;191;213;283;527;42;248;203;521;651
1040,111;756;63;210;597;300;120;628;62;728
1041,66;781;38;88;73;79;651;143;47;393
1042,546;54;117;159;720;399;549;540;591;43
1043,367;623;71;168;660;365;400;111;377;265
1044,732;356;692;73;210;939;423;29;284;1041
1045,433;175;258;443;7;135;517;81;219;208
1046,742;230;546;550;393;720;125;282;232;569
1047,597;121;926;294;118;1028;322;546;402;820
1048,26;762;473;65;42;480;447;44;185;544
1049,243;7;257;1028;147;143;1016;123;419;15
1050,143;432;612;485;659;602;429;684;528;275
1051,117;226;819;385;628;118;934;471;1;864
1052,407;235;25;54;21;3;154;930;566;111
1053,66;403;732;393;202;174;73;781;655;38
1054,25;559;596;98;140;747;508;275;151;24
1055,172;173;944;50;238;22;568;376;174;204
1056,28;175;91;474;12;50;550;2;421;732
1057,122;276;9;238;743;53;596;559;258;25
1058,7;196;399;183;54;24;31;627;660;241
1059,240;127;17;824;24;833;259;81;289;475
1060,465;931;227;151;412;1028;245;70;294;194
1061,1028;762;15;472;284;815;287;597;282;245
1062,906;242;344;909;346;311;690;903;286;289
1063,423;419;174;655;480;568;79;234;318;699
1064,136;661;191;607;603;23;294;481;705;606
1065,151;200;425;55;631;432;100;137;640;650
1066,58;946;660;367;465;627;102;473;52;71
1067,122;14;137;1010;302;686;38;7;286;22
1068,93;221;475;302;137;269;191;286;346;268
1069,39;663;235;516;1009;789;684;97;654;1103
1070,134;182;340;603;708;32;183;46;150;203
1071,433;367;24;7;382;122;238;325;806;175
1072,68;33;17;117;300;820;904;382;2;721
1073,652;31;56;919;702;544;179;176;484;13
1074,658;210;70;591;239;15;155;218;665;559
1075,153;111;70;462;90;451;219;95;692;385
1076,432;378;568;443;99;94;423;53;234;625
1077,475;55;53;159;240;151;118;72;738;179
1078,472;95;121;477;161;102;71;699;142;40
1079,252;21;655;748;208;148;40;235;250;477
1080,287;346;7;116;262;93;179;919;1073;57
1081,268;1010;763;919;1245;748;93;881;825;829
1082,325;678;332;250;299;479;1017;748;331;313
1083,12;121;288;258;1028;269;8;1079;577;250
1084,28;132;275;304;740;223;285;845;324;137
1085,93;744;70;475;20;14;285;135;286;19
1086,285;125;300;716;521;332;1137;14;597;1011
1087,411;423;1035;546;132;1;367;386;25;302
1088,100;363;1034;687;173;1014;208;597;254;175
1089,323;254;930;245;748;1016;685;72;541;823
1090,62;597;121;561;159;449;720;118;155;672
1091,88;393;196;186;417;64;431;416;90;225
1092,71;1407;49;29;15;783;663;728;498;300
1093,111;238;823;269;96;109;179;435;137;276
1094,276;117;975;24;844;93;864;3;1011;1051
1095,132;546;930;62;28;595;118;120;125;273
1096,1011;866;271;125;1226;1012;1160;476;286;1014
1097,268;1011;813;324;919;246;1067;285;654;8
1098,433;176;240;191;290;531;558;559;91;231
1099,89;13;165;283;58;650;86;198;14;505
1100,198;190;212;188;216;233;642;86;182;855
1101,403;11;699;427;451;313;137;132;1039;211
1102,692;15;121;185;286;283;929;1033;322;304
1103,514;209;238;190;171;640;168;7;511;509
1104,176;89;198;189;512;183;216;474;169;269
1105,322;748;689;289;690;312;879;349;338;588
1106,153;433;204;195;8;568;11;222;333;690
1107,97;367;570;471;118;144;155;739;58;198
1108,203;44;428;529;515;387;591;87;52;753
1109,9;229;466;1;169;31;654;228;68;111
1110,81;7;771;118;154;578;198;1011;678;58
1111,196;381;462;428;45;514;709;746;179;13
1112,117;692;209;284;710;71;588;699;476;549
1113,480;81;200;52;530;178;42;82;652;708
1114,14;124;820;741;763;527;451;151;402;322
1115,286;268;318;181;100;302;228;275;20;514
1116,91;1;143;202;692;141;705;191;654;22
1117,1;10;480;196;476;288;14;238;294;51
1118,56;33;122;182;401;425;86;1047;470;214
1119,402;66;739;204;161;155;241;655;282;229
1120,1028;235;285;1;286;501;926;273;1035;161
1121,100;197;654;98;8;170;661;357;479;165
1122,242;302;377;51;346;474;265;465;451;86
1123,161;88;286;603;50;474;427;265;183;9
1124,218;180;615;484;479;227;525;729;520;385
1125,237;483;96;474;478;479;615;133;134;606
1126,199;132;197;443;178;99;615;170;135;194
1127,346;751;302;321;750;310;902;271;339;269
1128,129;127;58;93;715;1012;475;547;47;447
1129,455;285;324;24;8;56;151;235;109;69
1130,242;302;377;51;346;474;265;465;451;86
1131,127;715;447;86;504;346;276;1070;514;443
1132,475;64;696;527;393;172;70;185;744;866
1133,70;8;660;111;216;705;196;403;44;95
1134,204;268;289;150;234;208;178;56;144;257
1135,11;159;204;72;195;227;581;76;233;82
1136,281;328;193;69;62;31;462;71;393;735
1137,813;475;150;582;268;301;71;762;100;310
1138,181;269;79;294;423;1012;121;174;289;66
1139,1;748;385;182;550;101;739;509;118;198
1140,739;603;768;393;476;708;710;658;756;366
1141,26;238;12;746;133;86;715;778;367;48
1142,127;50;12;174;64;14;172;124;135;28
1143,56;209;1129;340;293;24;405;151;1007;1017
1144,268;246;181;288;256;289;321;1143;50;508
1145,554;28;546;229;5;62;120;597;755;63
1146,946;432;755;398;139;501;417;89;217;99
1147,435;190;211;483;9;182;469;134;506;275
1148,708;747;716;428;200;194;65;177;514;512
1149,474;70;480;93;175;168;238;657;55;529
1150,472;1028;318;477;9;475;151;7;977;554
1151,284;123;685;63;118;824;88;28;1095;427
1152,284;237;220;1;742;111;274;125;322;763
1153,143;451;208;170;282;187;419;238;24;746
1154,98;64;235;657;430;616;150;656;7;198
1155,628;24;318;212;1153;121;288;385;603;77
1156,242;302;377;51;346;474;265;465;451;86
1157,147;233;159;470;1028;540;449;1041;15;363
1158,1121;1535;175;1129;56;182;192;23;474;1071
1159,367;207;156;512;270;657;650;664;675;430
1160,716;25;40;125;708;393;249;419;1012;1011
1161,313;93;98;13;14;150;276;221;651;655
1162,740;21;147;283;235;919;275;412;137;982
1163,286;283;549;281;125;476;756;116;660;118
1164,289;112;103;1;597;14;476;25;9;220
1165,122;928;148;72;274;826;121;597;252;1215
1166,194;87;60;282;196;89;39;289;708;25
1167,724;213;275;86;471;289;25;228;382;300
1168,196;70;89;155;216;83;435;53;553;1267
1169,23;200;4;284;50;203;568;654;642;428
1170,203;150;70;93;403;12;475;428;157;185
1171,276;16;255;1008;1375;1137;242;322;20;6
1172,196;185;603;182;56;485;443;70;357;216
1173,117;181;126;268;50;28;286;204;660;281
1174,582;160;318;13;234;98;792;65;150;647
1175,1429;1176;300;904;1394;1434;1432;336;990;681
1176,286;311;289;197;242;344;909;458;882;475
1177,476;91;412;72;401;182;679;200;56;120
1178,1228;597;824;401;412;24;550;660;723;398
1179,1178;783;377;810;465;1182;845;142;578;44
1180,87;97;554;399;62;111;274;470;31;1058
1181,550;239;33;755;217;578;4;2;405;380
1182,546;578;229;1047;89;398;808;432;139;117
1183,97;470;159;732;111;423;182;202;402;125
1184,188;97;679;176;157;273;549;58;71;13
1185,393;720;585;38;472;944;148;66;222;845
1186,134;515;423;21;427;651;183;709;152;13
1187,47;183;89;201;182;192;185;134;24;273
1188,232;403;288;219;234;451;237;393;735;95
1189,82;692;684;97;66;204;216;210;195;8
1190,50;222;181;220;118;257;756;7;1016;678
1191,886;904;261;361;324;329;271;881;1105;354
1192,514;387;268;190;228;203;100;318;485;286
1193,213;170;86;212;207;242;515;707;923;196
1194,86;133;30;528;275;515;303;479;213;615
1195,70;639;428;381;739;203;116;509;170;190
1196,20;213;6;347;313;900;509;275;86;170
1197,186;479;286;655;25;151;269;735;213;258
1198,14;218;307;172;285;286;216;485;855;269
1199,1;919;201;926;238;455;307;168;129;273
1200,435;528;86;381;137;507;89;709;530;182
1201,242;302;377;51;346;474;265;465;451;86
1202,124;100;93;10;14;24;285;1197;1011;13
1203,604;4;529;484;488;654;509;965;519;606
1204,172;480;136;483;478;488;199;474;525;528
1205,659;89;156;195;433;614;617;517;514;12
1206,233;257;55;790;151;385;1028;597;401;747
1207,153;235;450;451;80;790;217;364;250;120
1208,71;65;566;469;518;715;183;182;549;230
1209,82;118;1028;710;423;230;783;392;735;204
1210,546;685;540;161;824;826;550;226;1042;155
1211,86;631;425;50;736;134;367;692;143;531
1212,628;111;25;286;559;276;322;477;62;2
1213,66;1042;367;540;233;977;28;794;405;161
1214,134;257;182;325;300;32;640;187;1018;191
1215,29;930;928;743;977;7;89;175;235;62
1216,276;286;993;15;298;756;274;9;737;62
1217,63;392;66;756;1119;49;12;300;73;423
1218,50;403;195;181;187;143;94;8;559;208
1219,237;54;465;200;560;405;674;386;422;1035
1220,282;117;735;125;578;366;568;550;294;111
1221,1028;724;747;365;716;476;111;199;723;40
1222,258;182;181;159;183;379;367;185;432;715
1223,182;185;32;100;24;93;209;274;250;318
1224,71;578;597;87;31;111;228;230;779;365
1225,33;121;585;365;54;62;367;55;222;468
1226,100;50;7;297;582;603;423;257;237;333
1227,239;95;90;174;181;432;99;781;132;70
1228,233;849;94;940;265;576;809;77;449;450
1229,379;96;227;849;401;371;43;72;585;233
1230,229;364;566;239;227;552;395;53;3;391
1231,265;1228;235;182;3;679;185;474;1090;80
1232,942;276;226;401;91;708;200;86;7;230
1233,286;690;300;328;882;307;900;326;744;100
1234,339;690;271;321;269;1127;750;346;909;1434
1235,242;302;377;51;346;474;265;465;451;86
1236,242;302;377;51;346;474;265;465;451;86
1237,895;307;286;271;328;310;288;346;748;268
1238,340;272;292;348;288;330;908;266;895;892
1239,720;748;540;62;49;783;29;779;771;810
1240,294;182;181;198;50;180;250;428;89;12
1241,286;111;287;127;1007;1016;121;117;936;251
1242,28;273;216;174;318;978;526;22;87;64
1243,271;327;321;313;882;324;690;902;355;331
1244,546;748;930;147;823;252;405;597;191;248
1245,1011;42;655;182;357;216;98;12;475;881
1246,216;117;238;940;1179;42;227;184;229;222
1247,576;1;71;42;203;367;810;585;588;44
1248,720;696;380;233;168;470;789;43;570;179
1249,578;399;746;810;790;62;405;121;709;549
1250,1035;810;367;180;790;432;379;542;569;375
1251,257;286;269;221;1;293;50;847;256;248
1252,268;1097;235;302;480;919;246;325;1008;47
1253,540;761;1471;1042;546;1016;627;54;77;739
1254,328;122;289;301;300;880;331;456;237;288
1255,302;311;137;903;536;276;324;340;1226;212
1256,340;50;1257;249;1226;302;324;1016;1255;257
1257,302;1255;297;50;249;1226;340;324;536;903
1258,301;300;1023;815;1047;472;879;237;222;619
1259,544;410;111;825;294;1265;866;329;1355;324
1260,449;237;31;385;511;196;87;213;194;198
1261,86;199;182;83;405;287;168;514;169;87
1262,471;660;70;568;65;83;655;98;739;402
1263,163;357;642;616;504;56;90;23;629;193
1264,12;294;121;70;250;64;427;223;443;174
1265,301;881;874;329;304;259;261;876;263;245
1266,428;190;203;89;515;1021;707;529;483;65
1267,196;53;70;216;762;7;111;92;211;58
1268,55;382;168;57;640;271;509;381;226;213
1269,50;487;588;174;132;181;451;125;222;121
1270,28;72;49;801;734;722;755;38;395;71
1271,434;1036;96;186;746;679;940;1030;235;40
1272,508;269;150;475;236;1093;242;458;813;14
1273,470;265;88;118;29;273;566;572;391;328
1274,161;399;230;540;254;436;1210;380;229;58
1275,183;1;55;71;469;194;168;195;508;95
1276,328;1047;322;876;685;823;881;332;412;181
1277,508;1;326;332;455;356;1014;257;1012;111
1278,258;274;255;237;323;100;358;281;326;313
1279,333;276;1;82;298;226;443;748;62;423
1280,299;261;683;880;346;268;269;123;235;688
1281,86;285;286;268;221;744;251;191;255;582
1282,117;15;471;65;56;107;762;12;73;221
1283,15;121;323;25;294;455;815;756;421;118
1284,125;116;762;471;411;248;118;258;147;246
1285,95;367;423;144;66;8;77;451;418;79
1286,443;471;483;462;288;168;65;661;382;198
1287,151;304;122;1;1051;275;929;471;762;1277
1288,20;302;472;96;224;685;316;240;382;741
1289,276;121;477;831;122;473;762;64;9;1033
1290,739;226;769;380;1210;53;1090;574;877;771
1291,1028;173;276;151;24;363;265;824;216;455
1292,300;898;750;298;313;689;121;62;1279;892
1293,340;331;1612;879;351;266;908;680;315;336
1294,258;307;333;316;331;313;288;748;301;286
1295,268;266;299;680;302;1393;330;242;269;306
1296,303;305;306;269;359;242;24;302;294;330
1297,716;91;203;942;322;142;520;199;775;39
1298,482;507;494;478;588;133;187;605;654;136
1299,659;134;657;211;735;655;482;443;1;519
1300,724;25;174;289;249;88;411;269;268;181
1301,121;411;50;410;423;168;181;763;265;67
1302,268;886;286;273;257;1379;150;251;147;1016
1303,386;423;43;765;715;38;99;66;511;258
1304,235;204;73;719;184;237;241;673;318;242
1305,184;188;27;175;379;719;48;550;679;228
1306,465;381;241;1147;364;698;435;512;530;1200
1307,674;733;169;48;675;184;1305;1308;726;554
1308,1305;726;184;675;554;719;48;169;674;1307
1309,242;302;377;51;346;474;265;465;451;86
1310,242;302;377;51;346;474;265;465;451;86
1311,183;98;211;387;275;100;237;623;245;230
1312,268;124;100;1011;922;302;324;221;248;433
1313,322;347;9;303;350;56;879;12;362;877
1314,576;38;386;455;332;25;823;184;380;1074
1315,111;1009;282;591;866;877;1023;88;248;235
1316,341;640;569;396;475;747;289;286;301;739
1317,303;190;97;778;275;194;308;149;268;920
1318,308;1317;149;920;1334;1359;1346;1384;1382;1394
1319,1265;18;287;825;332;292;301;823;1281;236
1320,242;302;377;51;346;474;265;465;451;86
1321,137;147;1288;16;1162;235;982;21;832;1093
1322,919;292;831;717;304;124;847;176;251;88
1323,19;1344;919;116;14;286;20;16;1370;1011
1324,286;10;919;1059;324;273;15;69;1017;179
1325,242;302;377;51;346;474;265;465;451;86
1326,1009;276;475;268;1008;1315;117;93;13;83
1327,475;150;685;286;243;876;149;544;93;820
1328,268;304;933;322;324;1009;1093;544;285;985
1329,242;302;377;51;346;474;265;465;451;86
1330,124;1011;286;228;443;491;419;132;455;50
1331,286;150;221;19;137;14;116;547;107;1333
1332,268;1115;286;304;300;100;690;124;242;14
1333,174;496;192;653;273;866;462;235;151;56
1334,1359;1346;920;1384;1382;149;1394;1317;1338;308
1335,919;50;194;236;735;762;250;174;544;98
1336,235;118;432;762;685;99;94;423;544;375
1337,118;72;391;926;685;833;38;240;678;1089
1338,1011;149;124;515;20;286;285;273;116;14
1339,242;302;377;51;346;474;265;465;451;86
1340,242;302;377;51;346;474;265;465;451;86
1341,242;302;377;51;346;474;265;465;451;86
1342,268;93;285;6;10;985;1381;286;13;242
1343,242;302;377;51;346;474;265;465;451;86
1344,286;20;93;919;19;1008;236;1097;1375;1171
1345,1386;883;1385;337;360;547;331;307;1022;359
1346,199;303;523;213;275;203;58;294;511;514
1347,19;10;116;124;286;331;165;18;224;1319
1348,242;302;377;51;346;474;265;465;451;86
1349,242;302;377;51;346;474;265;465;451;86
1350,18;1115;286;137;129;475;826;276;117;150
1351,1011;887;20;302;1284;19;307;1378;763;455
1352,242;302;377;51;346;474;265;465;451;86
1353,367;455;512;656;430;285;30;919;1097;675
1354,324;813;989;322;259;117;243;948;687;294
1355,116;117;304;471;381;123;111;269;886;451
1356,24;1017;20;1008;307;242;1011;1097;285;150
1357,866;872;1355;331;276;260;268;305;306;1137
1358,887;544;269;276;305;13;286;268;100;300
1359,1334;1346;920;1384;1382;149;1394;1317;1338;308
1360,1093;1242;1328;322;1097;1295;1392;876;1393;266
1361,922;1011;124;1017;919;137;235;108;13;151
1362,455;147;866;410;14;322;873;286;932;240
1363,242;302;377;51;346;474;265;465;451;86
1364,242;302;377;51;346;474;265;465;451;86
1365,1187;276;273;406;118;979;685;150;824;235
1366,242;302;377;51;346;474;265;465;451;86
1367,285;1097;919;127;235;455;1252;100;1353;337
1368,547;93;127;129;14;286;108;818;1011;149
1369,286;277;304;273;236;14;1120;242;303;147
1370,24;1068;741;927;1011;93;1129;6;286;1375
1371,1033;763;597;282;109;242;302;377;51;346
1372,459;137;1009;24;1010;462;1404;337;1115;124
1373,242;302;377;51;346;474;265;465;451;86
1374,1011;833;147;1284;741;873;150;922;235;475
1375,286;1171;224;1129;919;93;741;236;147;307
1376,455;456;153;833;411;151;687;824;68;756
1377,93;813;20;1009;236;116;269;19;16;253
1378,273;324;286;269;293;150;763;249;872;242
1379,20;318;303;236;137;874;286;93;242;331
1380,302;127;297;286;1255;296;872;303;50;321
1381,332;100;508;281;25;260;118;321;1142;126
1382,1384;269;1391;1394;515;308;1346;1334;1359;920
1383,993;151;764;276;1033;117;294;224;1060;1067
1384,1382;1391;1394;308;1346;1334;1359;920;149;1338
1385,258;269;331;298;307;250;989;880;243;299
1386,127;547;331;93;410;294;269;455;307;346
1387,1379;1296;1390;1386;1252;1389;331;329;1302;1388
1388,302;515;286;271;268;1252;1296;1379;251;174
1389,331;1252;1302;1296;1387;1379;1620;1390;1388;932
1390,1379;1387;1296;1386;1382;1384;1252;1389;331;329
1391,1394;308;1384;1382;593;1353;1338;1346;1334;1359
1392,680;1295;872;681;1393;266;242;306;989;299
1393,266;680;1296;302;1295;872;289;321;306;1392
1394,308;286;990;242;245;292;1395;882;1391;880
1395,882;268;306;359;242;262;286;887;337;1394
1396,318;70;212;52;707;196;301;639;86;221
1397,504;506;135;480;498;603;525;479;52;496
1398,588;137;86;1137;57;213;275;100;950;473
1399,333;271;258;900;1025;302;751;298;269;994
1400,59;77;301;855;281;228;549;566;15;723
1401,153;462;175;385;433;70;11;431;527;225
1402,275;176;480;234;44;172;180;489;203;487
1403,134;61;14;638;276;288;60;285;751;96
1404,640;525;182;475;435;52;89;32;642;199
1405,258;302;301;100;25;515;271;1;813;532
1406,159;307;218;25;31;845;402;674;210;1074
1407,391;779;809;1228;373;540;1090;769;43;734
1408,450;674;229;449;1207;212;482;230;227;196
1409,465;679;720;941;511;422;68;2;228;526
1410,237;202;88;82;216;780;96;651;99;692
1411,408;89;474;202;230;100;434;175;141;229
1412,1112;511;654;549;209;89;588;180;178;722
1413,73;998;399;154;624;1228;771;94;465;779
1414,242;302;377;51;346;474;265;465;451;86
1415,795;1030;720;409;928;407;1407;1228;450;49
1416,831;210;636;568;325;679;709;550;29;79
1417,751;325;271;1014;181;242;302;377;51;346
1418,127;143;1014;651;273;591;159;504;2;178
1419,4;2;91;501;38;80;568;386;419;302
1420,271;235;109;259;385;333;399;39;688;678
1421,212;546;789;715;211;111;371;566;708;511
1422,462;654;45;61;558;464;175;421;89;1073
1423,27;33;179;92;549;55;188;578;570;473
1424,679;228;92;182;265;77;1208;203;642;59
1425,216;183;179;230;182;399;136;68;209;1035
1426,12;462;222;121;125;283;282;87;578;239
1427,7;22;636;649;597;154;153;89;121;483
1428,132;276;357;238;185;427;179;523;23;693
1429,1175;1394;360;904;882;1434;359;1432;1431;1233
1430,300;1434;360;1022;359;245;1176;904;1024;262
1431,300;359;882;301;327;326;1176;1024;307;1434
1432,1434;361;308;1176;1062;343;882;336;683;351
1433,359;308;245;361;904;362;294;300;691;1024
1434,909;877;350;336;908;1176;352;1024;308;903
1435,33;89;228;92;1224;68;3;476;144;470
1436,685;5;845;111;174;65;239;716;805;461
1437,33;465;401;562;179;556;1231;742;92;824
1438,806;365;230;7;53;227;48;71;566;68
1439,44;723;561;623;281;230;1267;211;159;365
1440,257;833;58;223;405;66;80;566;932;802
1441,15;553;86;44;71;785;1469;721;203;245
1442,77;877;51;194;216;15;196;161;720;585
1443,230;98;655;227;132;228;229;566;755;603
1444,380;568;419;417;143;139;204;385;69;705
1445,724;515;513;52;170;464;466;638;428;462
1446,1044;127;265;926;401;568;94;208;250;845
1447,242;302;377;51;346;474;265;465;451;86
1448,81;1462;13;211;694;212;276;137;464;462
1449,474;100;98;286;89;135;663;480;664;479
1450,162;66;88;82;15;71;485;95;25;692
1451,100;50;484;423;616;488;208;491;659;205
1452,242;302;377;51;346;474;265;465;451;86
1453,242;302;377;51;346;474;265;465;451;86
1454,657;136;493;607;611;519;209;497;435;836
1455,630;226;393;241;89;185;659;180;489;435
1456,209;430;675;285;194;134;480;429;811;650
1457,242;302;377;51;346;474;265;465;451;86
1458,242;302;377;51;346;474;265;465;451;86
1459,186;71;56;11;431;432;629;727;433;151
1460,242;302;377;51;346;474;265;465;451;86
1461,242;302;377;51;346;474;265;465;451;86
1462,381;285;900;256;289;56;322;475;185;656
1463,340;294;306;272;900;302;346;904;301;751
1464,207;435;83;522;188;520;190;515;233;2
1465,215;660;196;423;111;116;655;237;12;662
1466,286;116;316;423;283;753;8;60;367;1221
1467,268;42;721;9;790;1048;67;410;191;581
1468,182;746;747;470;761;68;742;83;203;31
1469,71;662;161;584;15;542;623;996;465;553
1470,151;485;168;200;22;88;56;95;417;720
1471,405;546;552;449;576;51;62;387;364;147
1472,258;116;269;301;949;1022;70;242;302;377
1473,419;423;1063;568;699;483;69;100;142;168
1474,203;657;435;137;196;2;742;530;507;133
1475,59;60;639;462;584;509;196;171;45;170
1476,242;302;377;51;346;474;265;465;451;86
1477,258;328;298;248;242;377;51;346;474;265
1478,1035;1267;237;665;88;737;70;216;89;203
1479,176;97;660;188;462;241;956;190;170;44
1480,432;946;99;139;969;234;660;216;94;417
1481,399;624;397;388;759;1000;789;1110;779;1228
1482,242;302;377;51;346;474;265;465;451;86
1483,748;181;286;250;50;520;117;258;259;210
1484,101;62;176;89;228;42;385;168;33;68
1485,81;550;83;679;173;117;2;597;96;238
1486,242;302;377;51;346;474;265;465;451;86
1487,216;180;190;71;70;428;87;1195;65;100
1488,68;207;558;212;396;702;654;175;638;213
1489,546;96;202;239;132;200;92;118;10;143
1490,61;4;195;228;778;823;654;433;728;96
1491,654;68;265;431;841;226;147;550;117;201
1492,242;302;377;51;346;474;265;465;451;86
1493,242;302;377;51;346;474;265;465;451;86
1494,242;302;377;51;346;474;265;465;451;86
1495,137;448;151;4;1007;100;2;235;474;433
1496,202;411;926;124;151;412;235;238;734;269
1497,87;50;172;644;129;180;480;31;30;64
1498,242;302;377;51;346;474;265;465;451;86
1499,654;367;32;1070;207;175;650;566;789;372
1500,474;210;195;100;174;181;242;302;377;51
1501,129;50;12;275;198;740;170;30;70;116
1502,818;240;268;143;298;411;734;250;771;29
1503,946;216;746;196;53;755;470;96;627;357
1504,70;272;312;250;269;210;888;277;742;569
1505,242;302;377;51;346;474;265;465;451;86
1506,47;367;285;855;474;238;175;512;56;48
1507,242;302;377;51;346;474;265;465;451;86
1508,118;125;117;755;1041;678;63;382;28;728
1509,432;398;722;1076;946;417;155;734;679;746
1510,242;302;377;51;346;474;265;465;451;86
1511,251;100;283;381;1012;286;186;238;249;709
1512,98;70;212;1449;180;135;9;178;505;523
1513,257;181;173;403;246;195;268;179;247;202
1514,475;50;14;302;238;124;251;268;1129;1142
1515,242;302;377;51;346;474;265;465;451;86
1516,692;204;121;28;211;143;443;676;234;684
1517,560;1035;1469;585;795;1032;996;62;118;55
1518,282;161;95;692;755;402;393;628;82;735
1519,54;946;1518;417;95;795;78;739;88;1220
1520,242;302;377;51;346;474;265;465;451;86
1521,396;188;795;137;235;401;381;134;762;71
1522,39;399;58;514;1248;708;199;33;576;282
1523,135;517;172;179;186;961;180;197;1230;100
1524,1021;23;8;56;480;603;582;9;116;512
1525,242;302;377;51;346;474;265;465;451;86
1526,242;302;377;51;346;474;265;465;451;86
1527,887;948;895;682;258;286;315;313;333;310
1528,249;293;1012;1378;763;1160;544;174;1009;844
1529,462;639;179;170;171;959;65;92;45;258
1530,178;211;142;510;216;715;700;1311;723;57
1531,951;97;161;183;31;465;569;194;436;399
1532,281;660;118;855;15;887;961;566;49;673
1533,242;302;377;51;346;474;265;465;451;86
1534,1014;324;237;23;257;276;678;295;288;343
1535,207;30;855;367;48;182;58;1121;639;656
1536,242;302;377;51;346;474;265;465;451;86
1537,50;248;181;286;58;206;357;153;474;89
1538,294;289;298;127;325;1166;1016;531;1252;218
1539,228;940;367;380;552;563;715;396;169;206
1540,140;239;178;56;378;679;720;151;418;412
1541,154;204;382;98;179;58;276;180;168;433
1542,50;77;64;616;174;195;172;732;228;418
1543,242;302;377;51;346;474;265;465;451;86
1544,71;161;576;196;1043;400;83;623;699;62
1545,482;174;140;173;200;504;81;603;739;479
1546,242;302;377;51;346;474;265;465;451;86
1547,603;660;53;582;1478;640;97;772;1267;200
1548,242;302;377;51;346;474;265;465;451;86
1549,553;1042;44;1479;511;1267;785;578;1560;716
1550,79;181;135;208;501;210;23;69;1119;404
1551,715;101;1421;217;367;161;806;421;1248;414
1552,665;1228;196;229;674;1231;161;206;541;230
1553,77;32;943;479;71;528;385;1194;303;449
1554,4;954;209;729;781;215;796;1053;393;581
1555,2;200;216;169;13;675;83;59;179;61
1556,233;515;524;528;194;182;87;514;652;523
1557,242;302;377;51;346;474;265;465;451;86
1558,923;511;9;45;603;516;203;168;1512;1449
1559,242;302;377;51;346;474;265;465;451;86
1560,702;60;511;855;52;212;707;44;265;161
1561,242;302;377;51;346;474;265;465;451;86
1562,242;302;377;51;346;474;265;465;451;86
1563,242;302;377;51;346;474;265;465;451;86
1564,242;302;377;51;346;474;265;465;451;86
1565,242;302;377;51;346;474;265;465;451;86
1566,242;302;377;51;346;474;265;465;451;86
1567,242;302;377;51;346;474;265;465;451;86
1568,242;302;377;51;346;474;265;465;451;86
1569,242;302;377;51;346;474;265;465;451;86
1570,242;302;377;51;346;474;265;465;451;86
1571,242;302;377;51;346;474;265;465;451;86
1572,242;302;377;51;346;474;265;465;451;86
1573,168;528;189;194;647;399;89;45;525;1266
1574,242;302;377;51;346;474;265;465;451;86
1575,242;302;377;51;346;474;265;465;451;86
1576,242;302;377;51;346;474;265;465;451;86
1577,242;302;377;51;346;474;265;465;451;86
1578,89;1018;1118;1113;715;515;233;960;48;1400
1579,242;302;377;51;346;474;265;465;451;86
1580,242;302;377;51;346;474;265;465;451;86
1581,242;302;377;51;346;474;265;465;451;86
1582,242;302;377;51;346;474;265;465;451;86
1583,242;302;377;51;346;474;265;465;451;86
1584,242;302;377;51;346;474;265;465;451;86
1585,514;198;30;1192;700;1553;1194;698;1232;942
1586,242;302;377;51;346;474;265;465;451;86
1587,242;302;377;51;346;474;265;465;451;86
1588,1590;1382;1384;1589;515;351;1391;1394;1405;536
1589,515;257;994;268;298;333;33;1006;1113;331
1590,1588;1382;1384;1589;515;351;1391;1394;1405;536
1591,346;1062;971;350;1434;886;86;351;750;361
1592,904;61;198;462;1005;529;60;512;59;212
1593,242;302;377;51;346;474;265;465;451;86
1594,226;403;690;1168;147;917;310;538;1016;1483
1595,242;302;377;51;346;474;265;465;451;86
1596,242;302;377;51;346;474;265;465;451;86
1597,188;679;56;68;271;219;474;218;201;381
1598,127;301;823;9;300;324;1014;1025;845;984
1599,242;302;377;51;346;474;265;465;451;86
1600,257;237;302;50;1160;268;1257;81;1378;214
1601,242;302;377;51;346;474;265;465;451;86
1602,302;321;269;344;303;294;319;274;26;345
1603,242;302;377;51;346;474;265;465;451;86
1604,242;302;377;51;346;474;265;465;451;86
1605,1012;249;347;271;1014;936;1007;1643;1;476
1606,242;302;377;51;346;474;265;465;451;86
1607,909;302;292;1022;385;347;340;1024;92;995
1608,300;252;324;216;1244;211;248;203;196;475
1609,181;325;301;269;292;689;299;597;266;321
1610,293;181;333;1143;117;295;286;125;246;994
1611,299;1082;1016;294;1379;331;689;678;250;1589
1612,288;313;340;346;347;350;879;1293;351;266
1613,242;302;377;51;346;474;265;465;451;86
1614,242;302;377;51;346;474;265;465;451;86
1615,181;100;132;258;419;7;109;183;496;229
1616,242;302;377;51;346;474;265;465;451;86
1617,1591;879;1434;909;1062;351;299;266;908;336
1618,242;302;377;51;346;474;265;465;451;86
1619,242;302;377;51;346;474;265;465;451;86
1620,125;222;323;328;322;823;301;245;243;988
1621,242;302;377;51;346;474;265;465;451;86
1622,640;462;86;515;170;713;895;1672;752;509
1623,198;59;20;305;344;346;1005;547;638;844
1624,242;302;377;51;346;474;265;465;451;86
1625,242;302;377;51;346;474;265;465;451;86
1626,242;302;377;51;346;474;265;465;451;86
1627,242;302;377;51;346;474;265;465;451;86
1628,347;900;100;208;647;269;286;318;111;93
1629,831;382;128;47;122;58;537;93;234;451
1630,242;302;377;51;346;474;265;465;451;86
1631,315;739;316;531;507;875;79;514;558;216
1632,242;302;377;51;346;474;265;465;451;86
1633,242;302;377;51;346;474;265;465;451;86
1634,242;302;377;51;346;474;265;465;451;86
1635,242;302;377;51;346;474;265;465;451;86
1636,242;302;377;51;346;474;265;465;451;86
1637,242;302;377;51;346;474;265;465;451;86
1638,242;302;377;51;346;474;265;465;451;86
1639,507;213;89;631;137;143;855;428;707;638
1640,242;302;377;51;346;474;265;465;451;86
1641,242;302;377;51;346;474;265;465;451;86
1642,305;865;507;531;137;191;285;995;1281;483
1643,121;271;127;1605;319;1380;98;297;286;532
1644,1142;333;902;533;354;1514;1173;251;534;1007
1645,242;302;377;51;346;474;265;465;451;86
1646,960;1068;340;24;286;327;887;903;1466;958
1647,242;302;377;51;346;474;265;465;451;86
1648,242;302;377;51;346;474;265;465;451;86
1649,242;302;377;51;346;474;265;465;451;86
1650,242;302;377;51;346;474;265;465;451;86
1651,242;302;377;51;346;474;265;465;451;86
1652,275;515;286;50;1511;1380;251;246;256;181
1653,242;302;377;51;346;474;265;465;451;86
1654,242;302;377;51;346;474;265;465;451;86
1655,242;302;377;51;346;474;265;465;451;86
1656,882;752;311;270;302;342;242;377;51;346
1657,242;302;377;51;346;474;265;465;451;86
1658,1226;286;293;302;297;1142;13;1258;740;1251
1659,242;302;377;51;346;474;265;465;451;86
1660,242;302;377;51;346;474;265;465;451;86
1661,242;302;377;51;346;474;265;465;451;86
1662,749;332;246;242;377;51;346;474;265;465
1663,242;302;377;51;346;474;265;465;451;86
1664,288;248;276;100;272;181;7;328;318;64
1665,242;302;377;51;346;474;265;465;451;86
1666,242;302;377;51;346;474;265;465;451;86
1667,242;302;377;51;346;474;265;465;451;86
1668,242;302;377;51;346;474;265;465;451;86
1669,242;302;377;51;346;474;265;465;451;86
1670,242;302;377;51;346;474;265;465;451;86
1671,242;302;377;51;346;474;265;465;451;86
1672,895;640;752;462;20;1622;271;325;86;582
1673,242;302;377;51;346;474;265;465;451;86
1674,242;302;377;51;346;474;265;465;451;86
1675,242;302;377;51;346;474;265;465;451;86
1676,242;302;377;51;346;474;265;465;451;86
1677,242;302;377;51;346;474;265;465;451;86
1678,242;302;377;51;346;474;265;465;451;86
1679,242;302;377;51;346;474;265;465;451;86
1680,242;302;377;51;346;474;265;465;451;86
1681,242;302;377;51;346;474;265;465;451;86
1682,242;302;377;51;346;474;265;465;451;86
